link,outlet,party,avg_sentence_sentiment_textblob,avg_sentence_subjectivity_textblob,sentence_count
https://indianexpress.com/article/opinion/editorials/express-view-on-new-delhi-cm-rekha-gupta-has-her-task-cut-out-9847415/,IndianExpress,AAP,0.06232933732933733,0.37806360306360315,1
https://indianexpress.com/article/opinion/editorials/express-view-on-new-delhi-cm-rekha-gupta-has-her-task-cut-out-9847415/,IndianExpress,Congress,0.06232933732933733,0.37806360306360315,1
https://indianexpress.com/article/opinion/editorials/delhi-election-results-aam-aadmi-message-9825163/,IndianExpress,BJP,0.21756568144499178,0.46580870279146147,1
https://indianexpress.com/article/opinion/editorials/delhi-election-results-aam-aadmi-message-9825163/,IndianExpress,AAP,0.21756568144499178,0.46580870279146147,1
https://indianexpress.com/article/opinion/editorials/express-view-on-assembly-poll-in-capital-the-idea-of-delhi-9819949/,IndianExpress,BJP,0.1645714285714286,0.3449523809523809,1
https://indianexpress.com/article/opinion/editorials/express-view-on-assembly-poll-in-capital-the-idea-of-delhi-9819949/,IndianExpress,AAP,0.1645714285714286,0.3449523809523809,1
https://indianexpress.com/article/opinion/editorials/express-view-on-assembly-poll-in-capital-the-idea-of-delhi-9819949/,IndianExpress,Congress,0.1645714285714286,0.3449523809523809,1
https://indianexpress.com/article/opinion/editorials/express-view-on-india-and-trump-2-0-delhis-challenges-9792018/,IndianExpress,BJP,0.09336367655333172,0.42422634836427947,1
https://indianexpress.com/article/opinion/editorials/express-view-on-india-bloc-a-crumbling-foretold-9772313/,IndianExpress,BJP,0.020238095238095236,0.35039682539682543,1
https://indianexpress.com/article/opinion/editorials/express-view-on-india-bloc-a-crumbling-foretold-9772313/,IndianExpress,AAP,0.020238095238095236,0.35039682539682543,1
https://indianexpress.com/article/opinion/editorials/express-view-on-india-bloc-a-crumbling-foretold-9772313/,IndianExpress,Congress,0.020238095238095236,0.35039682539682543,1
https://indianexpress.com/article/opinion/editorials/express-view-on-delhi-elections-local-is-national-9767862/,IndianExpress,BJP,0.17742882117882117,0.4807609057609058,1
https://indianexpress.com/article/opinion/editorials/express-view-on-delhi-elections-local-is-national-9767862/,IndianExpress,AAP,0.17742882117882117,0.4807609057609058,1
https://indianexpress.com/article/opinion/editorials/express-view-on-delhi-elections-local-is-national-9767862/,IndianExpress,Congress,0.17742882117882117,0.4807609057609058,1
https://indianexpress.com/article/opinion/columns/bjps-win-in-delhi-has-lessons-for-aap-9847455/,IndianExpress,BJP,0.09313056872580679,0.38221128518747566,1
https://indianexpress.com/article/opinion/columns/bjps-win-in-delhi-has-lessons-for-aap-9847455/,IndianExpress,AAP,0.09313056872580679,0.38221128518747566,1
https://indianexpress.com/article/opinion/columns/bjps-win-in-delhi-has-lessons-for-aap-9847455/,IndianExpress,Congress,0.09313056872580679,0.38221128518747566,1
https://indianexpress.com/article/opinion/columns/from-freebies-to-empowerment-new-bjp-government-will-have-to-tackle-delhis-welfare-dilemma-9847413/,IndianExpress,BJP,0.08871003494497472,0.39176054868825944,1
https://indianexpress.com/article/opinion/columns/from-freebies-to-empowerment-new-bjp-government-will-have-to-tackle-delhis-welfare-dilemma-9847413/,IndianExpress,AAP,0.08871003494497472,0.39176054868825944,1
https://indianexpress.com/article/opinion/columns/rekha-gupta-bjp-choice-delhi-chief-minister-9845979/,IndianExpress,BJP,0.12200413223140497,0.40635576544667457,1
https://indianexpress.com/article/opinion/columns/rekha-gupta-bjp-choice-delhi-chief-minister-9845979/,IndianExpress,AAP,0.12200413223140497,0.40635576544667457,1
https://indianexpress.com/article/opinion/columns/rekha-gupta-bjp-choice-delhi-chief-minister-9845979/,IndianExpress,Congress,0.12200413223140497,0.40635576544667457,1
https://indianexpress.com/article/opinion/columns/pratap-bhanu-mehta-writes-bjps-delhi-challenge-and-the-capitals-future-9845309/,IndianExpress,BJP,0.07669993586660256,0.41896304312970983,1
https://indianexpress.com/article/opinion/columns/pratap-bhanu-mehta-writes-bjps-delhi-challenge-and-the-capitals-future-9845309/,IndianExpress,AAP,0.07669993586660256,0.41896304312970983,1
https://indianexpress.com/article/opinion/columns/pratap-bhanu-mehta-writes-bjps-delhi-challenge-and-the-capitals-future-9845309/,IndianExpress,Congress,0.07669993586660256,0.41896304312970983,1
https://indianexpress.com/article/opinion/columns/after-delhi-election-lesson-all-parties-listen-to-ground-9844496/,IndianExpress,BJP,0.06606994047619048,0.3763630952380953,1
https://indianexpress.com/article/opinion/columns/after-delhi-election-lesson-all-parties-listen-to-ground-9844496/,IndianExpress,AAP,0.06606994047619048,0.3763630952380953,1
https://indianexpress.com/article/opinion/columns/after-delhi-election-lesson-all-parties-listen-to-ground-9844496/,IndianExpress,Congress,0.06606994047619048,0.3763630952380953,1
https://indianexpress.com/article/opinion/columns/delhi-double-engine-sarkar-water-litmus-test-9851870/,IndianExpress,BJP,0.09226963512677797,0.3444783108048414,1
https://indianexpress.com/article/opinion/columns/delhi-double-engine-sarkar-water-litmus-test-9851870/,IndianExpress,AAP,0.09226963512677797,0.3444783108048414,1
https://indianexpress.com/article/opinion/columns/rekha-gupta-elevation-as-delhi-cm-larger-question-about-womens-space-in-politics-9850265/,IndianExpress,Congress,0.04230496575734671,0.42181783824640956,1
https://indianexpress.com/article/opinion/columns/aap-delhi-sad-congress-punjab-9834636/,IndianExpress,BJP,0.10504676141468594,0.4638875275667729,1
https://indianexpress.com/article/opinion/columns/aap-delhi-sad-congress-punjab-9834636/,IndianExpress,AAP,0.10504676141468594,0.4638875275667729,1
https://indianexpress.com/article/opinion/columns/aap-delhi-sad-congress-punjab-9834636/,IndianExpress,Congress,0.10504676141468594,0.4638875275667729,1
https://indianexpress.com/article/opinion/columns/bjp-delhi-aap-assembly-polls-9831404/,IndianExpress,BJP,0.10620326643053912,0.41848780007870917,1
https://indianexpress.com/article/opinion/columns/bjp-delhi-aap-assembly-polls-9831404/,IndianExpress,AAP,0.10620326643053912,0.41848780007870917,1
https://indianexpress.com/article/opinion/columns/what-aap-didnt-get-delhi-looks-for-results-9827062/,IndianExpress,BJP,0.06370326643053917,0.4039488390397482,1
https://indianexpress.com/article/opinion/columns/what-aap-didnt-get-delhi-looks-for-results-9827062/,IndianExpress,AAP,0.06370326643053917,0.4039488390397482,1
https://indianexpress.com/article/opinion/columns/what-aap-didnt-get-delhi-looks-for-results-9827062/,IndianExpress,Congress,0.06370326643053917,0.4039488390397482,1
https://indianexpress.com/article/opinion/columns/aap-delhi-loss-governance-model-full-circle-9825281/,IndianExpress,AAP,0.16730769230769232,0.4993589743589743,1
https://indianexpress.com/article/opinion/columns/aap-delhi-loss-governance-model-full-circle-9825281/,IndianExpress,Congress,0.16730769230769232,0.4993589743589743,1
https://indianexpress.com/article/opinion/columns/assembly-elections-bjp-aap-2025-results-9825216/,IndianExpress,BJP,0.05063002473716759,0.3765530303030302,1
https://indianexpress.com/article/opinion/columns/assembly-elections-bjp-aap-2025-results-9825216/,IndianExpress,AAP,0.05063002473716759,0.3765530303030302,1
https://indianexpress.com/article/opinion/columns/assembly-elections-bjp-aap-2025-results-9825216/,IndianExpress,Congress,0.05063002473716759,0.3765530303030302,1
https://indianexpress.com/article/opinion/columns/aap-electoral-calamity-delhi-bjp-reinvent-aam-aadmi-9825198/,IndianExpress,BJP,0.10808982683982683,0.4359607984607985,1
https://indianexpress.com/article/opinion/columns/aap-electoral-calamity-delhi-bjp-reinvent-aam-aadmi-9825198/,IndianExpress,AAP,0.10808982683982683,0.4359607984607985,1
https://indianexpress.com/article/opinion/columns/aap-electoral-calamity-delhi-bjp-reinvent-aam-aadmi-9825198/,IndianExpress,Congress,0.10808982683982683,0.4359607984607985,1
https://indianexpress.com/article/opinion/columns/why-delhi-rejected-aap-kejriwal-anarchy-9824982/,IndianExpress,BJP,-0.01071428571428572,0.37793803418803423,1
https://indianexpress.com/article/opinion/columns/why-delhi-rejected-aap-kejriwal-anarchy-9824982/,IndianExpress,AAP,-0.01071428571428572,0.37793803418803423,1
https://indianexpress.com/article/opinion/columns/why-delhi-rejected-aap-kejriwal-anarchy-9824982/,IndianExpress,Congress,-0.01071428571428572,0.37793803418803423,1
https://indianexpress.com/article/opinion/columns/delhi-aap-fall-bjp-return-9824912/,IndianExpress,BJP,0.02173892773892776,0.3911340326340327,1
https://indianexpress.com/article/opinion/columns/delhi-aap-fall-bjp-return-9824912/,IndianExpress,AAP,0.02173892773892776,0.3911340326340327,1
https://indianexpress.com/article/opinion/columns/delhi-aap-fall-bjp-return-9824912/,IndianExpress,Congress,0.02173892773892776,0.3911340326340327,1
https://indianexpress.com/article/opinion/columns/inside-track-who-is-in-charge-9799348/,IndianExpress,BJP,-0.057668067226890767,0.48991596638655455,1
https://indianexpress.com/article/opinion/columns/inside-track-who-is-in-charge-9799348/,IndianExpress,Congress,-0.057668067226890767,0.48991596638655455,1
https://www.thehindu.com/opinion/editorial/new-line-in-delhi-on-delhis-new-chief-minister/article69243291.ece,TheHindu,BJP,0.14002525252525252,0.4732323232323232,1
https://www.thehindu.com/opinion/editorial/common-mans-revenge-on-the-delhi-assembly-election-result/article69199590.ece,TheHindu,BJP,0.05945121951219513,0.4183943089430893,1
https://www.thehindu.com/opinion/editorial/common-mans-revenge-on-the-delhi-assembly-election-result/article69199590.ece,TheHindu,AAP,0.05945121951219513,0.4183943089430893,1
https://www.thehindu.com/opinion/editorial/common-mans-revenge-on-the-delhi-assembly-election-result/article69199590.ece,TheHindu,Congress,0.05945121951219513,0.4183943089430893,1
https://www.thehindu.com/opinion/editorial/power-and-prestige-on-the-delhi-assembly-elections-2025/article69180673.ece,TheHindu,BJP,0.025153061224489796,0.4222789115646258,1
https://www.thehindu.com/opinion/editorial/power-and-prestige-on-the-delhi-assembly-elections-2025/article69180673.ece,TheHindu,AAP,0.025153061224489796,0.4222789115646258,1
https://www.thehindu.com/opinion/editorial/power-and-prestige-on-the-delhi-assembly-elections-2025/article69180673.ece,TheHindu,Congress,0.025153061224489796,0.4222789115646258,1
https://www.thehindu.com/opinion/editorial/competitive-populism-on-parties-and-the-delhi-assembly-elections/article69136403.ece,TheHindu,BJP,0.018333333333333344,0.30500000000000005,1
https://www.thehindu.com/opinion/editorial/competitive-populism-on-parties-and-the-delhi-assembly-elections/article69136403.ece,TheHindu,AAP,0.018333333333333344,0.30500000000000005,1
https://www.thehindu.com/opinion/editorial/competitive-populism-on-parties-and-the-delhi-assembly-elections/article69136403.ece,TheHindu,Congress,0.018333333333333344,0.30500000000000005,1
https://www.thehindu.com/opinion/editorial/winter-contest-on-the-delhi-assembly-elections/article69081422.ece,TheHindu,BJP,0.06071428571428571,0.6023809523809524,1
https://www.thehindu.com/opinion/editorial/winter-contest-on-the-delhi-assembly-elections/article69081422.ece,TheHindu,AAP,0.06071428571428571,0.6023809523809524,1
https://www.thehindu.com/opinion/editorial/winter-contest-on-the-delhi-assembly-elections/article69081422.ece,TheHindu,Congress,0.06071428571428571,0.6023809523809524,1
http://www.newslaundry.com/2025/02/20/eurekha-newspapers-scrutinise-bjps-surprise-choice-of-rekha-gupta-for-delhi-cm,NewsLaundry,BJP,0.0893939393939394,0.21742424242424244,1
http://www.newslaundry.com/2025/02/20/eurekha-newspapers-scrutinise-bjps-surprise-choice-of-rekha-gupta-for-delhi-cm,NewsLaundry,AAP,0.0893939393939394,0.21742424242424244,1
http://www.newslaundry.com/2025/02/20/eurekha-newspapers-scrutinise-bjps-surprise-choice-of-rekha-gupta-for-delhi-cm,NewsLaundry,Congress,0.0893939393939394,0.21742424242424244,1
http://www.newslaundry.com/2025/02/10/common-mans-revenge-congress-played-spoilsport-editorials-unpick-aaps-big-loss-in-delhi,NewsLaundry,BJP,0.08782051282051283,0.4817765567765567,1
http://www.newslaundry.com/2025/02/10/common-mans-revenge-congress-played-spoilsport-editorials-unpick-aaps-big-loss-in-delhi,NewsLaundry,AAP,0.08782051282051283,0.4817765567765567,1
http://www.newslaundry.com/2025/02/10/common-mans-revenge-congress-played-spoilsport-editorials-unpick-aaps-big-loss-in-delhi,NewsLaundry,Congress,0.08782051282051283,0.4817765567765567,1
http://www.newslaundry.com/2025/02/08/reporters-without-orders-ep-357-how-bjp-planned-to-wrest-delhi-away-from-aap,NewsLaundry,AAP,0.4,0.5,1
http://www.newslaundry.com/2025/02/08/targeted-campaigns-special-wings-lg-factor-five-ways-the-bjp-scripted-its-success-in-delhi,NewsLaundry,BJP,0.09164892484564614,0.4396724859839614,1
http://www.newslaundry.com/2025/02/08/targeted-campaigns-special-wings-lg-factor-five-ways-the-bjp-scripted-its-success-in-delhi,NewsLaundry,AAP,0.09164892484564614,0.4396724859839614,1
http://www.newslaundry.com/2025/02/08/targeted-campaigns-special-wings-lg-factor-five-ways-the-bjp-scripted-its-success-in-delhi,NewsLaundry,Congress,0.09164892484564614,0.4396724859839614,1
http://www.newslaundry.com/2025/02/08/why-did-arvind-kejriwal-lose-his-assembly-seat-heres-all-the-reasons-why,NewsLaundry,BJP,0.0947616005146126,0.41365031889128245,1
http://www.newslaundry.com/2025/02/08/why-did-arvind-kejriwal-lose-his-assembly-seat-heres-all-the-reasons-why,NewsLaundry,AAP,0.0947616005146126,0.41365031889128245,1
http://www.newslaundry.com/2025/02/08/why-did-arvind-kejriwal-lose-his-assembly-seat-heres-all-the-reasons-why,NewsLaundry,Congress,0.0947616005146126,0.41365031889128245,1
http://www.newslaundry.com/2025/02/08/results-with-newslaundry-decoding-the-2025-delhi-mandate,NewsLaundry,BJP,0.08285714285714287,0.34380952380952384,1
http://www.newslaundry.com/2025/02/08/results-with-newslaundry-decoding-the-2025-delhi-mandate,NewsLaundry,AAP,0.08285714285714287,0.34380952380952384,1
http://www.newslaundry.com/2025/02/08/results-with-newslaundry-decoding-the-2025-delhi-mandate,NewsLaundry,Congress,0.08285714285714287,0.34380952380952384,1
http://www.newslaundry.com/2025/02/07/behind-the-mystery-pollsters-offering-predictions-through-exit-polls,NewsLaundry,BJP,0.0016488413547237019,0.44284441049146933,1
http://www.newslaundry.com/2025/02/07/behind-the-mystery-pollsters-offering-predictions-through-exit-polls,NewsLaundry,AAP,0.0016488413547237019,0.44284441049146933,1
http://www.newslaundry.com/2025/02/06/delhi-exit-polls-axis-my-india-todays-chanakya-join-the-chorus-to-predict-bjp-comeback,NewsLaundry,BJP,0.18333333333333335,0.3761904761904762,1
http://www.newslaundry.com/2025/02/06/delhi-exit-polls-axis-my-india-todays-chanakya-join-the-chorus-to-predict-bjp-comeback,NewsLaundry,AAP,0.18333333333333335,0.3761904761904762,1
http://www.newslaundry.com/2025/02/06/delhi-exit-polls-axis-my-india-todays-chanakya-join-the-chorus-to-predict-bjp-comeback,NewsLaundry,Congress,0.18333333333333335,0.3761904761904762,1
http://www.newslaundry.com/2025/02/05/delhi-2024-exit-polls-give-bjp-an-easy-victory-ahead-of-results-day,NewsLaundry,BJP,0.2283549783549784,0.37493734335839596,1
http://www.newslaundry.com/2025/02/05/delhi-2024-exit-polls-give-bjp-an-easy-victory-ahead-of-results-day,NewsLaundry,AAP,0.2283549783549784,0.37493734335839596,1
http://www.newslaundry.com/2025/02/05/delhi-2024-exit-polls-give-bjp-an-easy-victory-ahead-of-results-day,NewsLaundry,Congress,0.2283549783549784,0.37493734335839596,1
http://www.newslaundry.com/2025/02/01/ahead-of-delhi-polls-troubled-waters-of-yamuna-at-the-centre-of-political-slugfest,NewsLaundry,BJP,-0.01833333333333332,0.535,1
http://www.newslaundry.com/2025/02/01/ahead-of-delhi-polls-troubled-waters-of-yamuna-at-the-centre-of-political-slugfest,NewsLaundry,AAP,-0.01833333333333332,0.535,1
http://www.newslaundry.com/2025/02/01/ahead-of-delhi-polls-troubled-waters-of-yamuna-at-the-centre-of-political-slugfest,NewsLaundry,Congress,-0.01833333333333332,0.535,1
http://www.newslaundry.com/2025/02/01/another-election-show-can-modi-magic-work-in-delhi,NewsLaundry,BJP,0.3107142857142857,0.6797619047619047,1
http://www.newslaundry.com/2025/01/31/hate-speech-and-accusations-of-bribing-voters-parvesh-verma-takes-on-kejriwal-in-new-delhi-battle,NewsLaundry,BJP,-0.0017045454545454586,0.3943181818181818,1
http://www.newslaundry.com/2025/01/31/hate-speech-and-accusations-of-bribing-voters-parvesh-verma-takes-on-kejriwal-in-new-delhi-battle,NewsLaundry,AAP,-0.0017045454545454586,0.3943181818181818,1
http://www.newslaundry.com/2025/01/31/hate-speech-and-accusations-of-bribing-voters-parvesh-verma-takes-on-kejriwal-in-new-delhi-battle,NewsLaundry,Congress,-0.0017045454545454586,0.3943181818181818,1
http://www.newslaundry.com/2025/01/31/manifestoes-on-air-pollution-aap-silent-bjp-vows-50-drop-cong-offers-little,NewsLaundry,BJP,-0.013988095238095235,0.3073809523809524,1
http://www.newslaundry.com/2025/01/31/manifestoes-on-air-pollution-aap-silent-bjp-vows-50-drop-cong-offers-little,NewsLaundry,AAP,-0.013988095238095235,0.3073809523809524,1
http://www.newslaundry.com/2025/01/31/manifestoes-on-air-pollution-aap-silent-bjp-vows-50-drop-cong-offers-little,NewsLaundry,Congress,-0.013988095238095235,0.3073809523809524,1
http://www.newslaundry.com/2025/01/31/what-choice-do-we-have-anger-and-apathy-in-delhi-seats-with-decisive-sikh-vote,NewsLaundry,BJP,0.03439980158730158,0.30436507936507934,1
http://www.newslaundry.com/2025/01/31/what-choice-do-we-have-anger-and-apathy-in-delhi-seats-with-decisive-sikh-vote,NewsLaundry,AAP,0.03439980158730158,0.30436507936507934,1
http://www.newslaundry.com/2025/01/31/what-choice-do-we-have-anger-and-apathy-in-delhi-seats-with-decisive-sikh-vote,NewsLaundry,Congress,0.03439980158730158,0.30436507936507934,1
http://www.newslaundry.com/2025/01/25/delhi-cm-atishi-on-unkept-jobs-promise-aaps-soft-hindutva-kejriwals-future,NewsLaundry,BJP,0.11904761904761904,0.3662698412698413,1
http://www.newslaundry.com/2025/01/25/delhi-cm-atishi-on-unkept-jobs-promise-aaps-soft-hindutva-kejriwals-future,NewsLaundry,AAP,0.11904761904761904,0.3662698412698413,1
http://www.newslaundry.com/2025/01/22/final-voter-list-in-kejriwals-constituency-out-how-many-were-added-or-deleted,NewsLaundry,BJP,0.09899118738404453,0.43520021645021645,1
http://www.newslaundry.com/2025/01/22/final-voter-list-in-kejriwals-constituency-out-how-many-were-added-or-deleted,NewsLaundry,AAP,0.09899118738404453,0.43520021645021645,1
http://www.newslaundry.com/2025/01/21/inside-the-delhi-assembly-which-has-never-voted-for-aap,NewsLaundry,BJP,0.26666666666666666,0.15555555555555556,1
http://www.newslaundry.com/2025/01/21/inside-the-delhi-assembly-which-has-never-voted-for-aap,NewsLaundry,AAP,0.26666666666666666,0.15555555555555556,1
http://www.newslaundry.com/2025/01/21/inside-the-delhi-assembly-which-has-never-voted-for-aap,NewsLaundry,Congress,0.26666666666666666,0.15555555555555556,1
https://www.ndtv.com/opinion/bjps-choice-for-delhi-cm-rekha-gupta-follows-script-refined-over-10-years-7754573,NDTV,BJP,0.10321255133755132,0.4487535381285379,1
https://www.ndtv.com/opinion/bjps-choice-for-delhi-cm-rekha-gupta-follows-script-refined-over-10-years-7754573,NDTV,AAP,0.10321255133755132,0.4487535381285379,1
https://www.ndtv.com/opinion/delhi-elections-delhi-yeh-dilli-maange-more-7687273,NDTV,BJP,0.05988326189939092,0.36034914905882653,1
https://www.ndtv.com/opinion/delhi-elections-delhi-yeh-dilli-maange-more-7687273,NDTV,AAP,0.05988326189939092,0.36034914905882653,1
https://www.ndtv.com/opinion/with-delhi-congress-sends-a-strong-message-to-allies-7683510,NDTV,BJP,0.13681758056758053,0.4932830286996954,1
https://www.ndtv.com/opinion/with-delhi-congress-sends-a-strong-message-to-allies-7683510,NDTV,AAP,0.13681758056758053,0.4932830286996954,1
https://www.ndtv.com/opinion/with-delhi-congress-sends-a-strong-message-to-allies-7683510,NDTV,Congress,0.13681758056758053,0.4932830286996954,1
https://www.ndtv.com/opinion/how-the-middle-class-turned-delhis-fate-7678035,NDTV,BJP,0.07463229231086375,0.4315643681715111,1
https://www.ndtv.com/opinion/how-the-middle-class-turned-delhis-fate-7678035,NDTV,AAP,0.07463229231086375,0.4315643681715111,1
https://www.ndtv.com/opinion/how-the-middle-class-turned-delhis-fate-7678035,NDTV,Congress,0.07463229231086375,0.4315643681715111,1
https://www.ndtv.com/opinion/delhi-elections-how-bjp-turned-its-weakness-into-an-advantage-7665258,NDTV,BJP,0.1628314393939394,0.4901920995670995,1
https://www.ndtv.com/opinion/delhi-elections-how-bjp-turned-its-weakness-into-an-advantage-7665258,NDTV,AAP,0.1628314393939394,0.4901920995670995,1
https://www.ndtv.com/opinion/delhi-elections-how-bjp-turned-its-weakness-into-an-advantage-7665258,NDTV,Congress,0.1628314393939394,0.4901920995670995,1
https://www.ndtv.com/opinion/delhi-polls-and-aap-rout-is-this-a-setback-or-a-wipeout-only-kejriwal-can-decide-7663263,NDTV,BJP,0.07115650553150552,0.38605850168350164,1
https://www.ndtv.com/opinion/delhi-polls-and-aap-rout-is-this-a-setback-or-a-wipeout-only-kejriwal-can-decide-7663263,NDTV,AAP,0.07115650553150552,0.38605850168350164,1
https://www.ndtv.com/opinion/delhi-polls-and-aap-rout-is-this-a-setback-or-a-wipeout-only-kejriwal-can-decide-7663263,NDTV,Congress,0.07115650553150552,0.38605850168350164,1
https://www.ndtv.com/opinion/aap-vs-bjp-in-delhi-why-its-raining-manifestos-7550072,NDTV,BJP,0.03342245989304813,0.3604278074866309,1
https://www.ndtv.com/opinion/aap-vs-bjp-in-delhi-why-its-raining-manifestos-7550072,NDTV,AAP,0.03342245989304813,0.3604278074866309,1
https://www.ndtv.com/opinion/aap-vs-bjp-in-delhi-why-its-raining-manifestos-7550072,NDTV,Congress,0.03342245989304813,0.3604278074866309,1
https://www.ndtv.com/opinion/aap-vs-bjp-who-will-charm-delhis-middle-class-7540350,NDTV,BJP,0.1351357560568087,0.3302081592871067,1
https://www.ndtv.com/opinion/aap-vs-bjp-who-will-charm-delhis-middle-class-7540350,NDTV,AAP,0.1351357560568087,0.3302081592871067,1
https://www.ndtv.com/opinion/aap-vs-bjp-who-will-charm-delhis-middle-class-7540350,NDTV,Congress,0.1351357560568087,0.3302081592871067,1
https://www.ndtv.com/opinion/why-does-the-bjp-need-congresss-help-in-delhi-7496046,NDTV,BJP,0.05791083916083915,0.4225004162504164,1
https://www.ndtv.com/opinion/why-does-the-bjp-need-congresss-help-in-delhi-7496046,NDTV,AAP,0.05791083916083915,0.4225004162504164,1
https://www.ndtv.com/opinion/why-does-the-bjp-need-congresss-help-in-delhi-7496046,NDTV,Congress,0.05791083916083915,0.4225004162504164,1
https://www.ndtv.com/opinion/delhi-elections-bjp-still-hasnt-found-an-answer-to-kejriwal-7478022,NDTV,BJP,0.09643472317156532,0.4305292777398041,1
https://www.ndtv.com/opinion/delhi-elections-bjp-still-hasnt-found-an-answer-to-kejriwal-7478022,NDTV,AAP,0.09643472317156532,0.4305292777398041,1
https://www.ndtv.com/opinion/delhi-elections-bjp-still-hasnt-found-an-answer-to-kejriwal-7478022,NDTV,Congress,0.09643472317156532,0.4305292777398041,1
https://www.ndtv.com/opinion/opinion-will-delhi-spring-a-surprise-for-bjp-this-year-7418673,NDTV,BJP,0.06823593073593075,0.3001082251082251,1
https://www.ndtv.com/opinion/opinion-will-delhi-spring-a-surprise-for-bjp-this-year-7418673,NDTV,AAP,0.06823593073593075,0.3001082251082251,1
https://www.republicworld.com/opinion/rekha-gupta-as-delhi-cm-pm-modis-masterstroke,Republic,BJP,0.14816586921850083,0.47590377458798505,1
https://www.republicworld.com/opinion/rekha-gupta-as-delhi-cm-pm-modis-masterstroke,Republic,AAP,0.14816586921850083,0.47590377458798505,1
https://www.republicworld.com/opinion/rekha-gupta-as-delhi-cm-pm-modis-masterstroke,Republic,Congress,0.14816586921850083,0.47590377458798505,1
https://www.republicworld.com/opinion/why-bjp-picked-rekha-gupta-as-the-delhi-chief-minister,Republic,BJP,0.1383116883116883,0.5991341991341991,1
https://timesofindia.indiatimes.com/blogs/toi-editorials/start-small-in-capital/,TimesOfIndia,BJP,0.045776311502117945,0.3874144672531769,1
https://timesofindia.indiatimes.com/blogs/toi-edit-page/why-power-makes-aam-aadmi-khaas/,TimesOfIndia,AAP,0.2333333333333333,0.6277777777777778,1
https://timesofindia.indiatimes.com/blogs/toi-editorials/lesson-no-1/,TimesOfIndia,AAP,-0.006076388888888891,0.2589342948717948,1
https://timesofindia.indiatimes.com/blogs/toi-edit-page/what-delhi-said-and-what-delhi-wants/,TimesOfIndia,BJP,0.17534511784511786,0.35704545454545444,1
https://timesofindia.indiatimes.com/blogs/toi-edit-page/what-delhi-said-and-what-delhi-wants/,TimesOfIndia,AAP,0.17534511784511786,0.35704545454545444,1
https://timesofindia.indiatimes.com/blogs/toi-edit-page/as-kejriwals-delhi-model-loses-aapeal-two-key-questions-for-national-politics/,TimesOfIndia,BJP,0.004304861804861802,0.43879703629703626,1
https://timesofindia.indiatimes.com/blogs/toi-edit-page/as-kejriwals-delhi-model-loses-aapeal-two-key-questions-for-national-politics/,TimesOfIndia,AAP,0.004304861804861802,0.43879703629703626,1
https://timesofindia.indiatimes.com/blogs/toi-edit-page/as-kejriwals-delhi-model-loses-aapeal-two-key-questions-for-national-politics/,TimesOfIndia,Congress,0.004304861804861802,0.43879703629703626,1
https://timesofindia.indiatimes.com/blogs/toi-edit-page/the-battle-for-the-capital/,TimesOfIndia,BJP,0.15166666666666667,0.3633333333333334,1
https://timesofindia.indiatimes.com/blogs/toi-edit-page/the-battle-for-the-capital/,TimesOfIndia,AAP,0.15166666666666667,0.3633333333333334,1
https://timesofindia.indiatimes.com/blogs/toi-edit-page/the-battle-for-the-capital/,TimesOfIndia,Congress,0.15166666666666667,0.3633333333333334,1
https://timesofindia.indiatimes.com/blogs/toi-editorials/water-and-voter/,TimesOfIndia,BJP,0.1474761904761905,0.33838095238095245,1
https://timesofindia.indiatimes.com/blogs/toi-editorials/water-and-voter/,TimesOfIndia,AAP,0.1474761904761905,0.33838095238095245,1
https://www.hindustantimes.com/opinion/bjps-ncr-moment-show-intent-to-address-pollution-101739806527202.html,HindusanTimes,BJP,0.06362670068027212,0.37387329931972796,1
https://www.hindustantimes.com/opinion/keeping-up-with-up-lessons-from-delhi-victory-for-uttar-pradesh-and-the-country-101739284438785.html,HindusanTimes,BJP,0.1926984126984127,0.37164835164835164,1
https://www.hindustantimes.com/opinion/keeping-up-with-up-lessons-from-delhi-victory-for-uttar-pradesh-and-the-country-101739284438785.html,HindusanTimes,AAP,0.1926984126984127,0.37164835164835164,1
https://www.hindustantimes.com/opinion/keeping-up-with-up-lessons-from-delhi-victory-for-uttar-pradesh-and-the-country-101739284438785.html,HindusanTimes,Congress,0.1926984126984127,0.37164835164835164,1
https://www.hindustantimes.com/opinion/delhi-results-are-likely-to-weaken-india-bloc-101739111725216.html,HindusanTimes,BJP,0.12136734693877553,0.39322448979591845,1
https://www.hindustantimes.com/opinion/delhi-results-are-likely-to-weaken-india-bloc-101739111725216.html,HindusanTimes,AAP,0.12136734693877553,0.39322448979591845,1
https://www.hindustantimes.com/opinion/delhi-results-are-likely-to-weaken-india-bloc-101739111725216.html,HindusanTimes,Congress,0.12136734693877553,0.39322448979591845,1
https://www.hindustantimes.com/opinion/delhi-debacle-tells-a-tale-of-kejriwal-s-fall-101739111548611.html,HindusanTimes,BJP,0.14224666178891535,0.4071062740076825,1
https://www.hindustantimes.com/opinion/delhi-debacle-tells-a-tale-of-kejriwal-s-fall-101739111548611.html,HindusanTimes,AAP,0.14224666178891535,0.4071062740076825,1
https://www.hindustantimes.com/opinion/delhi-debacle-tells-a-tale-of-kejriwal-s-fall-101739111548611.html,HindusanTimes,Congress,0.14224666178891535,0.4071062740076825,1
https://www.hindustantimes.com/opinion/how-the-aap-lost-its-plot-and-office-in-delhi-101739028604070.html,HindusanTimes,BJP,0.126754230617867,0.3252302243211334,1
https://www.hindustantimes.com/opinion/how-the-aap-lost-its-plot-and-office-in-delhi-101739028604070.html,HindusanTimes,AAP,0.126754230617867,0.3252302243211334,1
https://www.hindustantimes.com/opinion/how-the-aap-lost-its-plot-and-office-in-delhi-101739028604070.html,HindusanTimes,Congress,0.126754230617867,0.3252302243211334,1
https://www.hindustantimes.com/opinion/what-explains-the-big-bjp-win-in-the-capital-101739028597471.html,HindusanTimes,BJP,0.1390631764069264,0.46617536976911983,1
https://www.hindustantimes.com/opinion/what-explains-the-big-bjp-win-in-the-capital-101739028597471.html,HindusanTimes,AAP,0.1390631764069264,0.46617536976911983,1
https://www.hindustantimes.com/opinion/what-explains-the-big-bjp-win-in-the-capital-101739028597471.html,HindusanTimes,Congress,0.1390631764069264,0.46617536976911983,1
https://www.livemint.com/opinion/online-views/delhi-middle-class-voters-bjp-won-election-narendra-modi-arvind-kejriwal-aap-atishi-bjp-mlas-parvesh-verma-kalkaji-11739171710891.html,Mint,BJP,0.07193877551020408,0.29777365491651214,1
https://www.livemint.com/opinion/online-views/delhi-middle-class-voters-bjp-won-election-narendra-modi-arvind-kejriwal-aap-atishi-bjp-mlas-parvesh-verma-kalkaji-11739171710891.html,Mint,AAP,0.07193877551020408,0.29777365491651214,1
https://www.livemint.com/opinion/online-views/delhi-election-result-aap-aam-aadmi-party-bjp-bharatiya-janata-party-arvind-kejriwal-atishi-new-cm-narendra-modi-lose-11739096797275.html,Mint,BJP,0.040624999999999994,0.47968750000000004,1
https://www.livemint.com/opinion/online-views/delhi-election-result-aap-aam-aadmi-party-bjp-bharatiya-janata-party-arvind-kejriwal-atishi-new-cm-narendra-modi-lose-11739096797275.html,Mint,AAP,0.040624999999999994,0.47968750000000004,1
